,amount,oldbalanceOrg,newbalanceOrig
mean,627408.4007645844,1097893.0927459989,610851.3635214248
scale,1658502.6666142726,3132228.697963737,2628933.6624411293