info,marital_status,witness_present_ind,high_education_ind,past_num_of_claims,address_change_ind
mean,0.7152631578947368,0.23467105263157895,0.6966447368421053,0.5023684210526316,0.5731578947368421
scale,0.45128901255535303,0.42379305054279226,0.45970734981322536,0.9544189034241184,0.49461896692067236
